{
  "extraction_date": "2025-07-10T13:12:58.394890",
  "source_file": "/Users/subhajlimanond/dev/munbon2-backend/คบ.มูลบน_ROS_ฤดูฝน(2568).xlsm",
  "eto_data": {
    "station": "นครราชสีมา",
    "monthly_eto": {
      "Jan": 104.90812934269891,
      "Feb": 114.39381585788878,
      "Mar": 148.60737130798424,
      "Apr": 152.4501228886822,
      "May": 145.08134903600194,
      "Jun": 131.31452477734624,
      "Jul": 132.52655541019163,
      "Aug": 124.16278354543822,
      "Sep": 114.01474567305752,
      "Oct": 117.64698027544719,
      "Nov": 105.33964375500231,
      "Dec": 100.611961682778
    },
    "annual_average": 124.25483196270977
  },
  "kc_summary": {
    "ข้าว กข.(นาดำ)": {
      "average_kc": 1.2392307692307691,
      "max_kc": 1.5,
      "min_kc": 0.0,
      "weeks_with_data": 13
    },
    "ข้าวขาวดอกมะลิ105": {
      "average_kc": 1.3071428571428572,
      "max_kc": 1.64,
      "min_kc": 0.0,
      "weeks_with_data": 14
    },
    "ข้าวบาสมาติ": {
      "average_kc": 1.342142857142857,
      "max_kc": 1.49,
      "min_kc": 0.0,
      "weeks_with_data": 14
    },
    "ข้าวสาลี": {
      "average_kc": 0.9066666666666666,
      "max_kc": 1.38,
      "min_kc": 0.0,
      "weeks_with_data": 15
    },
    "ข้าวโพดเลี้ยงสัตว์": {
      "average_kc": 1.1878571428571427,
      "max_kc": 1.63,
      "min_kc": 0.0,
      "weeks_with_data": 14
    },
    "ข้าวโพดหวาน": {
      "average_kc": 0.9263636363636363,
      "max_kc": 1.22,
      "min_kc": 0.0,
      "weeks_with_data": 11
    },
    "ข้าวฟ่าง": {
      "average_kc": 0.914375,
      "max_kc": 1.26,
      "min_kc": 0.0,
      "weeks_with_data": 16
    },
    "ถั่วเหลือง": {
      "average_kc": 0.9857142857142858,
      "max_kc": 1.35,
      "min_kc": 0.0,
      "weeks_with_data": 14
    },
    "ถั่วลิสง": {
      "average_kc": 0.8946666666666666,
      "max_kc": 1.36,
      "min_kc": 0.0,
      "weeks_with_data": 15
    },
    "ถั่วเขียว": {
      "average_kc": 0.8822222222222221,
      "max_kc": 1.4,
      "min_kc": 0.0,
      "weeks_with_data": 9
    },
    "งา": {
      "average_kc": 0.965,
      "max_kc": 1.28,
      "min_kc": 0.0,
      "weeks_with_data": 12
    },
    "ยาสูบ": {
      "average_kc": 1.0833333333333333,
      "max_kc": 1.61,
      "min_kc": 0.0,
      "weeks_with_data": 12
    },
    "ทานตะวัน": {
      "average_kc": 0.87,
      "max_kc": 1.1,
      "min_kc": 0.0,
      "weeks_with_data": 15
    },
    "แตงโม": {
      "average_kc": 1.315,
      "max_kc": 2.1,
      "min_kc": 0.0,
      "weeks_with_data": 12
    },
    "มะเขือเทศ": {
      "average_kc": 1.1453333333333333,
      "max_kc": 1.41,
      "min_kc": 0.0,
      "weeks_with_data": 15
    },
    "หอมหัวใหญ่": {
      "average_kc": 1.15,
      "max_kc": 1.41,
      "min_kc": 0.0,
      "weeks_with_data": 15
    },
    "หอมแดง": {
      "average_kc": 0.9725,
      "max_kc": 1.2,
      "min_kc": 0.0,
      "weeks_with_data": 12
    },
    "มะระ": {
      "average_kc": 1.3136363636363635,
      "max_kc": 1.48,
      "min_kc": 0.0,
      "weeks_with_data": 11
    },
    "กะหล่ำดอก": {
      "average_kc": 1.3028571428571427,
      "max_kc": 1.49,
      "min_kc": 0.0,
      "weeks_with_data": 7
    },
    "คะน้า": {
      "average_kc": 0.69375,
      "max_kc": 0.83,
      "min_kc": 0.0,
      "weeks_with_data": 8
    },
    "ไม้ดอก (บานชื่น)": {
      "average_kc": 0.9855555555555555,
      "max_kc": 1.38,
      "min_kc": 0.0,
      "weeks_with_data": 9
    },
    "ฝ้าย": {
      "average_kc": 1.0057692307692307,
      "max_kc": 1.34,
      "min_kc": 0.0,
      "weeks_with_data": 26
    },
    "อ้อย": {
      "average_kc": 1.0070454545454546,
      "max_kc": 1.56,
      "min_kc": 0.0,
      "weeks_with_data": 44
    },
    "ละหุ่ง": {
      "average_kc": 0.8388571428571429,
      "max_kc": 1.02,
      "min_kc": 0.0,
      "weeks_with_data": 35
    },
    "หน่อไม้ฝรั่ง": {
      "average_kc": 0.9296153846153847,
      "max_kc": 1.48,
      "min_kc": 0.55,
      "weeks_with_data": 52
    },
    "เผือก": {
      "average_kc": 1.6334615384615385,
      "max_kc": 2.27,
      "min_kc": 0.0,
      "weeks_with_data": 26
    },
    "ไม้ดอก (กุหลาบ)": {
      "average_kc": 1.6034615384615383,
      "max_kc": 2.25,
      "min_kc": 0.89,
      "weeks_with_data": 52
    },
    "มะม่วง": {
      "average_kc": 1.925576923076923,
      "max_kc": 2.53,
      "min_kc": 1.19,
      "weeks_with_data": 52
    },
    "ส้มโอ": {
      "average_kc": 1.7290384615384615,
      "max_kc": 2.44,
      "min_kc": 1.02,
      "weeks_with_data": 52
    },
    "มะนาว (1-3 ปี)": {
      "average_kc": 1.246923076923077,
      "max_kc": 1.5,
      "min_kc": 1.02,
      "weeks_with_data": 52
    },
    "มะนาว (3-5 ปี)": {
      "average_kc": 1.3126923076923078,
      "max_kc": 1.59,
      "min_kc": 1.11,
      "weeks_with_data": 52
    },
    "หญ้าแฝก": {
      "average_kc": 1.1523076923076923,
      "max_kc": 1.53,
      "min_kc": 0.79,
      "weeks_with_data": 52
    },
    "หญ้ารูซี่": {
      "average_kc": 0.9486538461538461,
      "max_kc": 1.24,
      "min_kc": 0.57,
      "weeks_with_data": 52
    },
    "สับปะรด": {
      "average_kc": 0.36363636363636365,
      "max_kc": 0.5,
      "min_kc": 0.0,
      "weeks_with_data": 44
    }
  },
  "parameters": {
    "province": "นครราชสีมา",
    "seepage_rate_mm_per_week": 14.0,
    "planting_areas": [
      {
        "type": "นาปี",
        "area_rai": 45731.0
      },
      {
        "type": "nan",
        "area_rai": 45731.0,
        "location": "row_11_col_3"
      },
      {
        "type": "10432",
        "area_rai": 12979.0,
        "location": "row_11_col_5"
      }
    ]
  }
}