{
  "scenarios": {
    "Normal Operation": {
      "node_levels": {
        "Source": {
          "water_level": 221.0,
          "water_depth": 0.0,
          "canal_bottom": 221.0
        },
        "M(0,0)": {
          "water_level": 218.89223512460939,
          "water_depth": 0.8922351246093854,
          "canal_bottom": 218.0
        },
        "M(0,1)": {
          "water_level": 218.8322824796555,
          "water_depth": 0.9322824796554983,
          "canal_bottom": 217.9
        },
        "M(0,2)": {
          "water_level": 218.7922351246094,
          "water_depth": 0.8922351246093854,
          "canal_bottom": 217.9
        },
        "M(0,3)": {
          "water_level": 218.58439928876925,
          "water_depth": 0.7843992887692366,
          "canal_bottom": 217.8
        },
        "M(0,4)": {
          "water_level": 217.53329895769036,
          "water_depth": 1.5332989576903628,
          "canal_bottom": 216.0
        },
        "M(0,5)": {
          "water_level": 217.0696957698381,
          "water_depth": 0.06969576983809134,
          "canal_bottom": 217.0
        },
        "M(0,6)": {
          "water_level": 216.54920786948503,
          "water_depth": 1.5492078694850306,
          "canal_bottom": 215.0
        },
        "M(0,7)": {
          "water_level": 215.5082320687789,
          "water_depth": 1.0082320687789093,
          "canal_bottom": 214.5
        },
        "M(0,8)": {
          "water_level": 214.70750128789663,
          "water_depth": 0.7075012878966334,
          "canal_bottom": 214.0
        },
        "M(0,9)": {
          "water_level": 214.24407834846102,
          "water_depth": 0.7440783484610165,
          "canal_bottom": 213.5
        },
        "M(0,10)": {
          "water_level": 213.94380430563015,
          "water_depth": 0.9438043056301524,
          "canal_bottom": 213.0
        },
        "M(0,11)": {
          "water_level": 213.5434777383973,
          "water_depth": 1.0434777383973142,
          "canal_bottom": 212.5
        },
        "M(0,12)": {
          "water_level": 213.18527310426413,
          "water_depth": -1.8147268957358733,
          "canal_bottom": 215.0
        },
        "M(0,13)": {
          "water_level": 212.98587252459666,
          "water_depth": 1.4858725245966582,
          "canal_bottom": 211.5
        },
        "M(0,14)": {
          "water_level": 211.55264201221502,
          "water_depth": -2.947357987784983,
          "canal_bottom": 214.5
        },
        "M(0,0; 1,0)": {
          "water_level": 218.7922351246094,
          "water_depth": 1.792235124609391,
          "canal_bottom": 217.0
        },
        "M (0,1; 1,0)": {
          "water_level": 218.7322824796555,
          "water_depth": 2.2322824796555096,
          "canal_bottom": 216.5
        },
        "M (0,1; 1,1)": {
          "water_level": 218.7322824796555,
          "water_depth": 2.2322824796555096,
          "canal_bottom": 216.5
        },
        "M (0,1; 1,2)": {
          "water_level": 218.7322824796555,
          "water_depth": 2.2322824796555096,
          "canal_bottom": 216.5
        },
        "M (0,1; 1,3)": {
          "water_level": 218.7322824796555,
          "water_depth": 2.2322824796555096,
          "canal_bottom": 216.5
        },
        "M (0,1; 1,4)": {
          "water_level": 218.7322824796555,
          "water_depth": 2.2322824796555096,
          "canal_bottom": 216.5
        },
        "M(0,1; 1,0; 1,0)": {
          "water_level": 218.63228247965552,
          "water_depth": 2.6322824796555153,
          "canal_bottom": 216.0
        },
        "M(0,1; 1,1; 1,0)": {
          "water_level": 218.63228247965552,
          "water_depth": 2.6322824796555153,
          "canal_bottom": 216.0
        },
        "M(0,1; 1,1; 1,1)": {
          "water_level": 218.63228247965552,
          "water_depth": 2.6322824796555153,
          "canal_bottom": 216.0
        },
        "M(0,1; 1,1; 1,2)": {
          "water_level": 218.63228247965552,
          "water_depth": 2.6322824796555153,
          "canal_bottom": 216.0
        },
        "M(0,1; 1,1; 1,3)": {
          "water_level": 218.63228247965552,
          "water_depth": 2.6322824796555153,
          "canal_bottom": 216.0
        },
        "M(0,1; 1,1; 1,4)": {
          "water_level": 218.63228247965552,
          "water_depth": 2.6322824796555153,
          "canal_bottom": 216.0
        },
        "M(0,1; 1,1; 1,2; 1,0)": {
          "water_level": 218.53228247965552,
          "water_depth": 3.032282479655521,
          "canal_bottom": 215.5
        },
        "M (0,3; 1,0)": {
          "water_level": 218.48439928876925,
          "water_depth": 2.4843992887692536,
          "canal_bottom": 216.0
        },
        "M (0,3; 1,1)": {
          "water_level": 218.48439928876925,
          "water_depth": 2.4843992887692536,
          "canal_bottom": 216.0
        },
        "M (0,3; 1,2)": {
          "water_level": 218.48439928876925,
          "water_depth": 2.4843992887692536,
          "canal_bottom": 216.0
        },
        "M (0,3; 1,3)": {
          "water_level": 218.48439928876925,
          "water_depth": 2.4843992887692536,
          "canal_bottom": 216.0
        },
        "M (0,3; 1,1; 1,0)": {
          "water_level": 218.38439928876926,
          "water_depth": 2.8843992887692593,
          "canal_bottom": 215.5
        },
        "M (0,3; 1,1; 1,1)": {
          "water_level": 218.38439928876926,
          "water_depth": 2.8843992887692593,
          "canal_bottom": 215.5
        },
        "M (0,3; 1,1; 2,0)": {
          "water_level": 218.38439928876926,
          "water_depth": 2.8843992887692593,
          "canal_bottom": 215.5
        },
        "M (0,3; 1,1; 2,1)": {
          "water_level": 218.38439928876926,
          "water_depth": 2.8843992887692593,
          "canal_bottom": 215.5
        },
        "M (0,12; 1,0)": {
          "water_level": 213.08527310426413,
          "water_depth": 1.5852731042641324,
          "canal_bottom": 211.5
        },
        "M (0,12; 1,1)": {
          "water_level": 213.08527310426413,
          "water_depth": 1.5852731042641324,
          "canal_bottom": 211.5
        },
        "M (0,12; 1,2)": {
          "water_level": 213.08527310426413,
          "water_depth": 1.5852731042641324,
          "canal_bottom": 211.5
        },
        "M (0,12; 1,3)": {
          "water_level": 213.08527310426413,
          "water_depth": 1.5852731042641324,
          "canal_bottom": 211.5
        },
        "M (0,12; 1,4)": {
          "water_level": 213.08527310426413,
          "water_depth": 1.5852731042641324,
          "canal_bottom": 211.5
        },
        "M (0,12; 1,5)": {
          "water_level": 213.08527310426413,
          "water_depth": 1.5852731042641324,
          "canal_bottom": 211.5
        },
        "M (0,12; 1,0; 1,0)": {
          "water_level": 212.98527310426414,
          "water_depth": 1.985273104264138,
          "canal_bottom": 211.0
        },
        "M (0,12; 1,0; 1,1)": {
          "water_level": 212.98527310426414,
          "water_depth": 1.985273104264138,
          "canal_bottom": 211.0
        },
        "M (0,12; 1,1; 1,0)": {
          "water_level": 212.98527310426414,
          "water_depth": 1.985273104264138,
          "canal_bottom": 211.0
        },
        "M (0,12; 1,1; 1,1)": {
          "water_level": 212.98527310426414,
          "water_depth": 1.985273104264138,
          "canal_bottom": 211.0
        },
        "M (0,12; 1,1; 1,2)": {
          "water_level": 212.98527310426414,
          "water_depth": 1.985273104264138,
          "canal_bottom": 211.0
        },
        "M (0,12; 1,1; 1,0; 1,0)": {
          "water_level": 212.88527310426414,
          "water_depth": 2.3852731042641437,
          "canal_bottom": 210.5
        },
        "M (0,12; 1,1; 1,0; 1,1)": {
          "water_level": 212.88527310426414,
          "water_depth": 2.3852731042641437,
          "canal_bottom": 210.5
        },