{
  "High Submergence (Your Case)": {
    "openings": [
      0.0,
      5.0,
      10.0,
      15.0,
      20.0,
      25.0,
      30.0,
      35.0,
      40.0,
      45.0,
      50.0,
      55.0,
      60.0,
      65.0,
      70.0,
      75.0,
      80.0,
      85.0,
      90.0,
      95.0,
      100.0
    ],
    "flows": [
      0.0,
      0.4282141932298601,
      0.8564283864597202,
      1.2846425796895802,
      1.7128567729194404,
      2.1410709661493,
      2.5692851593791604,
      2.9974993526090206,
      3.4257135458388808,
      3.853927739068741,
      4.2821419322986,
      4.710356125528461,
      5.138570318758321,
      5.566784511988182,
      5.994998705218041,
      6.423212898447901,
      6.8514270916777615,
      7.279641284907621,
      7.707855478137482,
      8.136069671367341,
      8.5642838645972
    ],
    "velocities": [
      0.0,
      2.8547612881990676,
      2.8547612881990676,
      2.854761288199067,
      2.8547612881990676,
      2.8547612881990667,
      2.854761288199067,
      2.854761288199067,
      2.8547612881990676,
      2.854761288199067,
      2.8547612881990667,
      2.854761288199067,
      2.854761288199067,
      2.854761288199067,
      2.854761288199067,
      2.854761288199067,
      2.8547612881990676,
      2.854761288199067,
      2.854761288199067,
      2.8547612881990676,
      2.8547612881990667
    ],
    "regimes": [
      "closed",
      "free_flow",
      "free_flow",
      "free_flow",
      "free_flow",
      "free_flow",
      "free_flow",
      "free_flow",
      "free_flow",
      "free_flow",
      "free_flow",
      "free_flow",
      "free_flow",
      "free_flow",
      "free_flow",
      "free_flow",
      "free_flow",
      "free_flow",
      "free_flow",
      "free_flow",
      "free_flow"
    ],
    "scenario": {
      "name": "High Submergence (Your Case)",
      "description": "Upstream 221m, Downstream 219m - Nearly linear",
      "upstream": 221.0,
      "downstream": 219.0
    }
  },
  "Moderate Submergence": {
    "openings": [
      0.0,
      5.0,
      10.0,
      15.0,
      20.0,
      25.0,
      30.0,
      35.0,
      40.0,
      45.0,
      50.0,
      55.0,
      60.0,
      65.0,
      70.0,
      75.0,
      80.0,
      85.0,
      90.0,
      95.0,
      100.0
    ],
    "flows": [
      0.0,
      0.4282141932298601,
      0.8564283864597202,
      1.2846425796895802,
      1.7128567729194404,
      2.1410709661493,
      2.5692851593791604,
      2.9974993526090206,
      3.4257135458388808,
      3.853927739068741,
      4.2821419322986,
      4.710356125528461,
      5.138570318758321,
      5.566784511988182,
      5.994998705218041,
      6.423212898447901,
      6.8514270916777615,
      7.279641284907621,
      7.707855478137482,
      8.136069671367341,
      8.5642838645972
    ],
    "velocities": [
      0.0,
      2.8547612881990676,
      2.8547612881990676,
      2.854761288199067,
      2.8547612881990676,
      2.8547612881990667,
      2.854761288199067,
      2.854761288199067,
      2.8547612881990676,
      2.854761288199067,
      2.8547612881990667,
      2.854761288199067,
      2.854761288199067,
      2.854761288199067,
      2.854761288199067,
      2.854761288199067,
      2.8547612881990676,
      2.854761288199067,
      2.854761288199067,
      2.8547612881990676,
      2.8547612881990667
    ],
    "regimes": [
      "closed",
      "free_flow",
      "free_flow",
      "free_flow",
      "free_flow",
      "free_flow",
      "free_flow",
      "free_flow",
      "free_flow",
      "free_flow",
      "free_flow",
      "free_flow",
      "free_flow",
      "free_flow",
      "free_flow",
      "free_flow",
      "free_flow",
      "free_flow",
      "free_flow",
      "free_flow",
      "free_flow"
    ],
    "scenario": {
      "name": "Moderate Submergence",
      "description": "Upstream 221m, Downstream 218.5m - Some curvature",
      "upstream": 221.0,
      "downstream": 218.5
    }
  },
  "Low Submergence": {
    "openings": [
      0.0,
      5.0,
      10.0,
      15.0,
      20.0,
      25.0,
      30.0,
      35.0,
      40.0,
      45.0,
      50.0,
      55.0,
      60.0,
      65.0,
      70.0,
      75.0,
      80.0,
      85.0,
      90.0,
      95.0,
      100.0
    ],
    "flows": [
      0.0,
      0.4282141932298601,
      0.8564283864597202,
      1.2846425796895802,
      1.7128567729194404,
      2.1410709661493,
      2.5692851593791604,
      2.9974993526090206,
      3.4257135458388808,
      3.853927739068741,
      4.2821419322986,
      4.710356125528461,
      5.138570318758321,
      5.566784511988182,
      5.994998705218041,
      6.423212898447901,
      6.8514270916777615,
      7.279641284907621,
      7.707855478137482,
      8.136069671367341,
      8.5642838645972
    ],
    "velocities": [
      0.0,
      2.8547612881990676,
      2.8547612881990676,
      2.854761288199067,
      2.8547612881990676,
      2.8547612881990667,
      2.854761288199067,
      2.854761288199067,
      2.8547612881990676,
      2.854761288199067,
      2.8547612881990667,
      2.854761288199067,
      2.854761288199067,
      2.854761288199067,
      2.854761288199067,
      2.854761288199067,
      2.8547612881990676,
      2.854761288199067,
      2.854761288199067,
      2.8547612881990676,
      2.8547612881990667
    ],
    "regimes": [
      "closed",
      "free_flow",
      "free_flow",
      "free_flow",
      "free_flow",
      "free_flow",
      "free_flow",
      "free_flow",
      "free_flow",
      "free_flow",
      "free_flow",
      "free_flow",
      "free_flow",
      "free_flow",
      "free_flow",
      "free_flow",
      "free_flow",
      "free_flow",
      "free_flow",
      "free_flow",
      "free_flow"
    ],
    "scenario": {
      "name": "Low Submergence",
      "description": "Upstream 221m, Downstream 218m - More curvature",
      "upstream": 221.0,
      "downstream": 218.0
    }
  },
  "Free Flow": {
    "openings": [
      0.0,
      5.0,
      10.0,
      15.0,
      20.0,
      25.0,
      30.0,
      35.0,
      40.0,
      45.0,
      50.0,
      55.0,
      60.0,
      65.0,
      70.0,
      75.0,
      80.0,
      85.0,
      90.0,
      95.0,
      100.0
    ],
    "flows": [
      0.0,
      0.4282141932298601,
      0.8564283864597202,
      1.2846425796895802,
      1.7128567729194404,
      2.1410709661493,
      2.5692851593791604,
      2.9974993526090206,
      3.4257135458388808,
      3.853927739068741,
      4.2821419322986,
      4.710356125528461,
      5.138570318758321,
      5.566784511988182,
      5.994998705218041,
      6.423212898447901,
      6.8514270916777615,
      7.279641284907621,
      7.707855478137482,
      8.136069671367341,
      8.5642838645972
    ],
    "velocities": [
      0.0,
      2.8547612881990676,
      2.8547612881990676,
      2.854761288199067,
      2.8547612881990676,
      2.8547612881990667,
      2.854761288199067,
      2.854761288199067,
      2.8547612881990676,
      2.854761288199067,
      2.8547612881990667,
      2.854761288199067,
      2.854761288199067,
      2.854761288199067,
      2.854761288199067,
      2.854761288199067,
      2.8547612881990676,
      2.854761288199067,
      2.854761288199067,
      2.8547612881990676,
      2.8547612881990667
    ],
    "regimes": [
      "closed",
      "free_flow",
      "free_flow",
      "free_flow",
      "free_flow",
      "free_flow",
      "free_flow",
      "free_flow",
      "free_flow",
      "free_flow",
      "free_flow",
      "free_flow",
      "free_flow",
      "free_flow",
      "free_flow",
      "free_flow",
      "free_flow",
      "free_flow",
      "free_flow",
      "free_flow",
      "free_flow"
    ],
    "scenario": {
      "name": "Free Flow",
      "description": "Upstream 221m, Downstream 217m - Maximum curvature",
      "upstream": 221.0,
      "downstream": 217.0
    }
  },